"last_name, first_name","player_id","year","pa","k_percent","bb_percent","woba","xwoba","sweet_spot_percent","barrel_batted_rate","hard_hit_percent","avg_best_speed","avg_hyper_speed","whiff_percent","swing_percent"
"De Jesus, Enmanuel",646241,2026,119,21.8,10.1,".294",".315",37,7.4,43.2,"81.22554425","94.44319519",23.6,47.2
"Strider, Spencer",675911,2026,165,27.9,12.1,".356",".291",35.7,11.2,36.7,"79.165809184","93.837080619",30.7,46.6
"Rea, Colin",607067,2026,328,17.1,8.5,".351",".368",37.7,12.1,42.3,"80.300265339","94.646712119",20.7,47.4
"Banks, Tanner",621383,2026,130,23.8,10,".356",".293",41.9,2.4,32.6,"74.731494762","93.262728333",24.8,49.6
"Abbott, Andrew",671096,2026,343,16.9,10.5,".320",".339",31.5,7.2,38.6,"79.826944483","94.114247716",22,46.1
"Brazobán, Huascar",623211,2026,143,22.4,11.2,".235",".251",23.4,2.2,22.3,"72.046158696","91.945935109",26.8,49.1
"Suárez, Albert",544150,2026,133,14.3,9,".361",".351",41.2,9.8,39.2,"80.123649592","93.919109388",22.7,48.7
"Alexander, Tyler",641302,2026,132,17.4,7.6,".334",".287",24.7,3.1,32,"75.575367083","92.981063158",17.1,44.9
"Watson, Ryan",670245,2026,189,17.5,9,".341",".392",38.2,13.3,40.4,"79.211832727","94.768982652",24.4,48.6
"Webb, Logan",657277,2026,308,21.1,6.2,".284",".302",31.5,5.5,44.3,"78.709873761","94.800807419",20.5,47.2
"Drohan, Shane",675660,2026,177,24.9,6.2,".285",".273",34.4,9,37.7,"77.190034918","93.791136529",29,50.3
"King, Bryan",687911,2026,136,17.6,9.6,".294",".293",29.5,2.1,37.9,"75.710436809","93.142188723",18.1,48.2
"Santillan, Tony",663574,2026,124,21.8,10.5,".376",".358",38.1,12.2,48.8,"83.215967805","95.036923333",22.2,45.2
"Miller, Mason",695243,2026,114,51.8,10.5,".168",".166",30.2,0,14,"72.460035","90.706143721",50.4,45.4
"Hurter, Brant",676428,2026,101,17.8,11.9,".251",".304",28.6,4.3,32.9,"76.424190294","93.370473134",20.5,43.3
"Lee, Dylan",669276,2026,115,34.8,4.3,".182",".212",34.3,4.3,32.9,"76.405903235","92.915306029",38.2,53.8
"Anderson, Grant",681982,2026,109,21.1,9.2,".275",".265",32.9,6.6,36.8,"76.406761842","93.390287368",21.7,50
"Paddack, Chris",663978,2026,229,16.2,7.9,".375",".343",35.5,8.3,38.4,"78.333208929","94.153309102",22.2,49.8
"Bruihl, Justin",677865,2026,135,15.6,9.6,".341",".349",36.8,5.3,43.2,"76.178655745","94.224367849",19.7,44
"Bazardo, Eduard",660825,2026,135,20.7,8.1,".313",".328",36.8,8.4,41.1,"81.768124255","94.614598065",21.4,44.6
"Finnegan, Kyle",640448,2026,141,14.9,15.6,".327",".318",26.5,5.1,39.8,"78.558693958","94.308494688",23.9,44.9
"Yesavage, Trey",702056,2026,198,23.7,12.6,".296",".280",36.8,4.8,33.6,"78.579100984","93.468727623",29.1,48.5
"Smith, Cade",671922,2026,129,38,4.7,".255",".239",33.8,8.3,44.4,"82.493130278","95.021417639",35.4,50.3
"Fedde, Erick",607200,2026,289,15.2,9,".348",".331",34.6,8.9,39.3,"77.593400748","93.939035164",16.6,42.3
"Ragans, Cole",666142,2026,151,29.8,15.2,".356",".345",32.5,15.7,39.8,"79.173246585","94.156201829",31.7,45.4
"Gausman, Kevin",592332,2026,349,24.6,4.6,".280",".284",32.1,7.8,36.2,"76.176453223","94.106305702",27.8,50.9
"Burrows, Mike",681347,2026,350,18.6,8.6,".383",".336",36.1,9.2,38.1,"76.91712408","93.76977712",23.2,49.3
"Holmes, Clay",605280,2026,215,20.9,8.4,".260",".306",27.3,5.3,44,"79.412858533","94.36789",21.9,47.3
"Messick, Parker",800048,2026,320,25.6,7.8,".280",".288",34.9,6.1,34,"76.156112308","93.526504686",27.1,48.8
"Kay, Anthony",641743,2026,301,17.6,9,".349",".365",32.5,9.8,41.6,"78.411253039","94.811312562",21.9,45.4
"Kolek, Stephen",663568,2026,198,17.2,5.1,".273",".291",31.4,6.6,38.6,"78.434572895","94.014592649",21.1,48.2
"Phillips, Connor",683175,2026,133,21.1,21.1,".348",".378",37.8,9.5,40.5,"79.799812703","94.120155676",26.8,40.3
"King, Michael",650633,2026,348,21,10.1,".301",".338",31.8,9.9,34.8,"76.230904123","93.350448855",25.6,45.3
"Wrobleski, Justin",680736,2026,316,15.8,5.1,".257",".319",35.1,7.3,44.4,"80.47689748","94.590580691",17.7,49.5
"Schultz, Paxton",687606,2026,131,22.1,7.6,".355",".336",36.7,8.9,38.9,"82.283995909","94.22561875",19,43.7
"Suarez, José",660761,2026,165,24.2,11.5,".375",".313",37.9,1,32,"78.443461373","93.07370802",26.6,49.2
"Cease, Dylan",656302,2026,303,36.3,10.2,".274",".274",34,5.1,37.1,"73.179914051","93.756266624",37.6,46.3
"Manaea, Sean",640455,2026,214,23.8,7.9,".334",".318",35.2,9.2,38,"76.254124429","94.057223714",22.8,47.4
"Ashby, Aaron",676879,2026,190,32.1,11.6,".298",".273",27.6,4.8,41.9,"75.105996731","94.598065288",33.1,40.6
"Ryan, Joe",657746,2026,332,27.7,4.8,".269",".281",33.8,10.5,43.4,"78.898495596","94.523390737",25.2,50
"Winn, Keaton",676775,2026,119,21.8,7.6,".254",".289",32.5,4.8,27.7,"74.919570976","92.582680247",24.5,49.1
"Poulin, PJ",676571,2026,114,15.8,14.9,".341",".377",28.2,11.8,50,"82.566279474","95.908859737",16.6,41
"Orze, Eric",679358,2026,151,19.9,10.6,".296",".299",37.5,5.8,27.9,"73.298347692","92.811062039",22.8,43.9
"Sasaki, Roki",808963,2026,270,23.7,8.9,".337",".326",34.3,10.7,43.8,"79.208807045","94.458057159",28.9,50.1
"Fluharty, Mason",689254,2026,123,30.1,8.9,".312",".257",36.5,6.8,33.8,"74.264878919","92.873582603",29.8,48.5
"Hill, Jaden",677955,2026,120,22.5,14.2,".326",".314",35.1,4.1,39.2,"80.260801622","93.913103836",30.6,47.2
"Rodriguez, Bradgley",699134,2026,140,22.1,8.6,".269",".245",20.6,3.1,32,"76.347791915","92.928222872",30.4,50.8
"Imanaga, Shota",684007,2026,349,24.1,6.3,".304",".299",33.3,10.4,38.3,"77.515968992","93.865683571",30.5,51.4
"Rolison, Ryan",669020,2026,106,25.5,11.3,".282",".300",29.9,6,44.8,"79.774142121","94.194778",21.3,45.5
"Roupp, Landen",694738,2026,313,26.2,10.2,".301",".289",33,3.6,29.9,"77.330602813","92.908893958",26.2,42.3
"Medina, Luis",665622,2026,135,23.7,9.6,".345",".334",39.3,9.3,40.4,"81.956885814","94.995896353",29.3,42
"Domínguez, Seranthony",622554,2026,111,27.9,13.5,".296",".350",38.1,9.7,38.1,"80.627565161","94.457767419",28.2,42.1
"Bachar, Lake",669199,2026,156,28.8,8.3,".247",".264",28.7,6.4,42.6,"81.354065532","94.549547957",33.2,46.6
"Feltner, Ryan",663372,2026,173,19.1,9.2,".333",".367",35.8,10.6,44.7,"77.339585968","94.48520374",24.7,47.5
"Nola, Aaron",605400,2026,309,23,7.8,".360",".327",36,9.3,38.8,"76.307417264","94.188164009",25,45.6
"Senzatela, Antonio",622608,2026,154,20.8,7.8,".264",".282",32.1,6.4,40.4,"75.620071481","94.022667407",25.7,48.7
"Festa, Matt",670036,2026,129,25.6,7,".311",".296",38.1,8.3,36.9,"75.36449","93.209973214",28,47.4
"Keller, Brad",641745,2026,131,23.7,9.2,".315",".286",27.9,4.7,32.6,"74.451226977","92.766311059",22.1,45.3
"Flaherty, Jack",656427,2026,306,25.5,11.1,".352",".334",40.2,8.5,48.7,"81.391285543","95.286757772",26.2,44.1
"Kinley, Tyler",641755,2026,119,26.1,8.4,".303",".269",31.2,6.6,27.3,"72.800917105","92.5798875",27.1,45
"Englert, Mason",669438,2026,110,17.3,5.5,".352",".349",38.1,11.1,38.3,"78.71082375","94.213457",22.3,55
"Lodolo, Nick",666157,2026,171,17.5,8.8,".381",".378",34.7,10.5,39.8,"78.441886786","94.657940804",21.5,48.5
"Kirby, George",669923,2026,350,21.1,6,".317",".299",30,6.3,41.5,"78.846664286","94.205455219",21.3,51.3
"Montero, Keider",672456,2026,295,16.9,5.8,".275",".302",30.1,8.4,39.8,"79.721145357","93.96642843",16.5,48
"Cole, Gerrit",543037,2026,112,21.4,7.1,".274",".258",28.2,5.6,31,"79.769685556","92.630753944",17,47.7
"Gómez, Yoendrys",672782,2026,154,22.1,11,".315",".356",33,11.8,43,"78.497553913","94.436798571",25.2,46.9
"Kochanowicz, Jack",686799,2026,296,15.9,12.2,".333",".359",30.3,7.4,42.8,"77.89732901","94.691266287",23.6,45.2
"Crochet, Garrett",676979,2026,138,26.8,8,".360",".345",41.9,10.7,45.3,"78.163401905","94.816238434",24,49
"Banda, Anthony",607455,2026,134,20.1,10.4,".320",".317",28.7,5.8,37.9,"80.581873095","94.030973333",26.3,45.3
"Sisk, Evan",681895,2026,126,30.2,8.7,".290",".244",28.8,2.7,28.8,"71.893001944","92.352188333",26.2,42.8
"Baker, Bryan",641329,2026,113,28.3,9.7,".231",".264",31.9,5.8,31.9,"73.744557429","92.948052319",33.1,52
"Soriano, George",666277,2026,125,21.6,8,".285",".325",26.4,10.3,42.5,"80.886381136","94.904552759",32.5,49.4
"Liberatore, Matthew",669461,2026,307,21.2,8.8,".358",".359",40.5,10.2,44.7,"81.366531132","95.244232075",22.5,47.5
"Kilian, Caleb",668873,2026,131,27.5,11.5,".272",".307",32.1,9,38.5,"76.913913077","93.726986104",26.5,48.3
"Kelly, Kevin",687330,2026,117,21.4,5.1,".223",".292",28.6,8.5,46.4,"80.385600244","95.061936341",18.8,46.6
"Graceffo, Gordon",700669,2026,127,13.4,10.2,".243",".363",33.7,11.6,48.4,"83.821206667","95.550146316",16.1,43.4
"Mahle, Tyler",641816,2026,249,22.9,9.6,".364",".316",32.1,8.4,35.7,"78.895632317","93.768108537",19.9,43.7
"Muñoz, Andrés",662253,2026,114,33.3,9.6,".321",".327",34.4,10.9,45.3,"75.00311625","94.778782381",40.8,46.5
"Romero, JoJo",668941,2026,137,23.4,8.8,".325",".344",37.8,6.7,46.7,"82.263951364","96.318297471",23.1,38.8
"Erceg, Lucas",668674,2026,124,17.7,15.3,".390",".324",31.7,6.1,39,"74.159430244","94.156275432",21.5,46.3
"Morán, Jovani",663558,2026,134,28.4,11.2,".269",".271",28.7,8.9,30,"77.947025641","93.518859744",32.5,46.2
"O'Brien, Riley",676617,2026,133,24.1,8.3,".286",".315",30.6,4.8,38.8,"76.388369512","94.249898025",28.3,46.9
"Rocker, Kumar",677958,2026,302,18.5,9.9,".319",".347",30.8,8,44.4,"78.712271038","94.976035094",22.8,47.3
"Williamson, Brandon",682227,2026,128,14.8,15.6,".362",".389",34.9,10.5,41.9,"76.389119535","94.091964302",24.1,43.2
"Criswell, Cooper",681867,2026,121,19,6.6,".302",".286",22.5,4.5,36,"74.785562273","93.798142727",22,48.3
"Matthews, Zebby",805673,2026,178,19.1,5.1,".326",".305",35.3,11.3,39.1,"79.283126061","94.03240553",23,47.1
"Mejia, Juan",675848,2026,151,24.5,13.2,".332",".305",31.5,3.3,38,"78.336667391","94.475479341",29.4,48.5
"Pfaadt, Brandon",694297,2026,171,18.1,9.9,".361",".352",35,11.7,40.8,"78.156756167","94.593213333",24.5,47.5
"Bernardino, Brennan",657514,2026,129,17.1,7.8,".324",".313",27.7,6.5,26.6,"73.857548478","92.068920543",22.9,48.9
"Irvin, Jake",663623,2026,228,25.4,9.6,".327",".349",34.5,12,45.8,"78.202234085","95.050745461",25.7,45.9
"Corbin, Patrick",571578,2026,270,15.9,7.4,".352",".360",39.6,8,42.6,"77.6311494","94.4466189",20.2,48.5
"Bachman, Sam",696147,2026,136,25.7,12.5,".300",".282",30.5,5,32.9,"75.720165","93.025325823",35,43.6
"Headrick, Brent",687396,2026,143,25.9,9.8,".294",".286",39.1,4.3,37,"78.018136591","93.812549091",31.4,53
"Cruz, Fernando",518585,2026,131,30.5,14.5,".275",".275",30,5.7,22.9,"74.315849118","92.342447647",41.6,42.7
"Burke, Sean",680732,2026,313,23.3,8.9,".317",".310",33.3,6.8,37.2,"79.072199902","93.775555517",21.5,46.3
"King, John",667463,2026,112,20.5,7.1,".213",".276",31.2,7.9,31.2,"77.828843158","93.265025789",23.3,44.8
"Skubal, Tarik",669373,2026,187,26.2,3.7,".269",".284",34.1,5.4,41.9,"78.321745806","94.252667419",29.1,51.6
"Schlittler, Cam",693645,2026,346,27.7,5.2,".238",".265",33.8,6.5,39.8,"76.273253805","94.007569027",27.3,53.9
"Springs, Jeffrey",605488,2026,340,20,6.8,".351",".318",34,9.4,36,"76.489142397","93.523984587",22.3,47
"Sulser, Cole",642121,2026,125,20,9.6,".383",".369",39.8,13.8,39.8,"74.463099767","94.532086588",24.9,48.9
"Scholtens, Jesse",669947,2026,164,18.3,6.7,".339",".346",37.5,10.8,37.5,"77.164814407","93.700072458",19.3,49.1
"Bello, Brayan",678394,2026,282,15.6,8.5,".371",".377",33.3,9.9,44.1,"79.303582762","95.410818469",24.5,49.6
"Harris, Hogan",663687,2026,157,25.5,15.3,".311",".284",26.4,3.3,27.5,"74.321537111","92.291639889",25.4,42.7
"López, Reynaldo",625643,2026,171,20.5,11.7,".338",".344",39.1,6.1,35.7,"74.951714035","93.528797611",20.1,44.4
"Kikuchi, Yusei",579328,2026,142,23.2,9.9,".348",".340",35.1,8.5,42.6,"78.667213404","95.256198936",25.9,48.3
"Sewald, Paul",623149,2026,103,30.1,6.8,".241",".257",39.1,10.9,40.6,"80.514977813","93.964282857",28.2,51.7
"Lovelady, Richard",663992,2026,137,17.5,14.6,".362",".361",35.2,4.5,31.9,"75.168674419","93.474098721",22.2,43.9
"Patrick, Chad",694477,2026,221,19,9.5,".317",".329",37.3,7.6,41.1,"78.946524675","94.499108366",26.7,49.7
"Buehler, Walker",621111,2026,287,20.2,7.7,".309",".333",37.3,7.4,42.2,"80.872325588","94.494574608",19.2,44.9
"Ohtani, Shohei",660271,2026,262,27.9,8,".221",".256",25.8,3.7,36.8,"76.060859136","93.421427284",30.6,46.2
"Alvarado, José",621237,2026,120,27.5,7.5,".367",".302",35.6,4.2,28.8,"77.179544286","93.315815857",30.2,48.4
"Lord, Brad",695418,2026,196,19.9,7.1,".253",".296",23.2,4.4,41.3,"74.531188676","94.275884815",21.6,49.8
"De Los Santos, Enyel",660853,2026,128,23.4,6.3,".275",".282",36.7,5.6,37.8,"79.080340682","93.988449659",27.1,55.2
"Vásquez, Randy",681190,2026,313,18.5,7,".337",".380",40.4,13,46.1,"81.505188158","95.122111228",21.8,49.5
"Varland, Gus",681402,2026,127,20.5,11,".365",".364",43.7,14,49.4,"84.812305714","95.9260775",23,49.7
"Nunez, Anthony",689296,2026,148,25.7,9.5,".313",".315",38.9,8.4,42.1,"78.45913","94.377880761",34.4,47.9
"Junk, Janson",676083,2026,255,16.9,5.1,".327",".310",28.9,6.6,41.6,"79.102345833","94.722669372",18,49.5
"Bender, Anthony",669622,2026,120,30,9.2,".224",".258",30,7.1,34.3,"79.276196857","93.340110857",22,38.7
"Lange, Alex",656638,2026,142,24.6,13.4,".331",".337",36.5,14.1,43.5,"80.43295381","95.27254119",30.4,45.2
"Bradish, Kyle",680694,2026,323,22.6,12.1,".358",".324",29,10.6,37.1,"76.80673","93.896597427",25.3,44.3
"Okert, Steven",595345,2026,129,21.7,7.8,".252",".289",29.2,5.7,27,"75.479635116","92.546770465",27,48.7
"Svanson, Matt",694335,2026,140,21.4,10.7,".361",".387",37.2,7.4,50,"81.922155106","95.929248085",19.4,47.5
"Alvarez, Andrew",674841,2026,121,25.6,9.9,".327",".336",34.6,6.4,51.3,"80.71615359","96.119860385",28.1,45.3
"Rogers, Taylor",573124,2026,120,20,7.5,".344",".325",45.3,7,31.4,"75.531137805","93.01227037",17.9,43.9
"Hall, DL",669084,2026,126,25.4,19,".257",".307",26.1,5.9,30.4,"75.558883235","92.42468",29.6,39.5
"Sale, Chris",519242,2026,319,28.8,6.3,".270",".292",38.2,6,31.2,"75.622462222","93.017965152",29.5,49.6
"Lambert, Peter",663567,2026,238,22.3,10.5,".288",".307",27.6,7.1,41,"77.14433641","94.091775742",25.4,48.2
"Weiss, Ryan",680802,2026,131,22.9,15.3,".428",".379",39.5,11.1,49.4,"79.367410488","95.266850247",23.7,44.5
"Moll, Sam",594580,2026,130,25.4,11.5,".298",".315",24.7,7.4,28.6,"76.373537879","93.425507692",25.8,39.6
"Rodriguez, Eduardo",593958,2026,336,17.9,9.5,".298",".341",35.7,8.2,36.1,"77.783658182","93.659101577",18.8,45.4
"Bibee, Tanner",676440,2026,342,20.8,7.6,".309",".336",34.4,10.3,45.1,"80.386223554","94.798561867",27,46.8
"Canning, Griffin",656288,2026,163,23.9,13.5,".368",".343",35.3,11.8,52,"82.291405294","95.677360882",25.3,42.3
"Rogers, Trevor",669432,2026,290,16.6,7.6,".345",".326",33.8,6.9,39.3,"78.692363271","94.235164953",22,51.5
"Phillips, Tyler",663969,2026,228,19.7,11.8,".312",".318",32.5,7.8,39,"77.546994605","93.677668808",28.3,43.7
"Warren, Austin",681810,2026,111,25.2,9.9,".305",".326",50.7,12.9,42.3,"80.215518286","94.184865571",27.2,42.4
"Lugo, Seth",607625,2026,334,19.8,7.5,".329",".355",40.1,11.2,42.1,"79.888885462","94.638997941",18.3,47.8
"Singer, Brady",663903,2026,304,17.1,7.6,".395",".367",35.7,11.1,42.4,"81.267118889","95.145308796",22.9,43.7
"Megill, Trevor",656730,2026,109,33,7.3,".251",".246",29.7,4.7,42.2,"81.742076667","94.448879667",35.9,51
"Garcia, Rico",670329,2026,109,29.4,9.2,".211",".270",25.4,9,32.8,"74.450207647","93.057668955",36.5,49.1
"Zeferjahn, Ryan",666171,2026,149,28.2,16.1,".297",".302",28.9,5.3,36.8,"79.757111053","93.407026133",30.5,38.7
"Harrison, Kyle",690986,2026,267,30,6.7,".285",".290",36.4,6.7,31.5,"78.768234198","93.598660247",28.8,50.3
"Cantillo, Joey",676282,2026,312,21.5,11.5,".349",".326",30.8,9.1,37.5,"76.267617864","93.862512537",26.4,45.1
"Pallante, Andre",669467,2026,322,19.3,7.8,".297",".300",31.3,6.6,35.7,"75.878934602","93.829516106",22.3,44.3
"Soroka, Michael",647336,2026,329,24,5.2,".283",".307",36.8,8.3,33.8,"76.627418142","93.489196239",22.4,49.6
"Skenes, Paul",694973,2026,326,30.4,4.9,".255",".250",33,5.8,35.9,"75.648487353","93.675019113",28.3,50.5
"Civale, Aaron",650644,2026,246,15.9,6.9,".367",".350",35.6,8.5,47.9,"81.526096489","94.819368342",18.7,45.2
"Nelson, Ryne",669194,2026,355,17.5,6.2,".338",".349",34.7,10.2,43.4,"80.202420909","94.686418561",21,54.2
"Burke, Brock",656271,2026,154,20.1,14.9,".305",".345",38.4,11.8,33.3,"77.215056522","93.423926522",28.2,44.1
"Loáisiga, Jonathan",642528,2026,109,15.6,6.4,".277",".298",27.4,4.8,35.7,"75.566519756","93.739235556",21.3,51.5
"Elder, Bryce",693821,2026,366,19.9,7.4,".279",".283",31.1,3.8,38.3,"79.279749769","94.107489035",22.6,46.8
"deGrom, Jacob",594798,2026,305,29.2,4.9,".271",".296",39.3,9.5,44.3,"81.0217342","94.8005684",33.2,52.6
"Martin, Davis",663436,2026,334,24.9,6,".300",".309",35.2,6.4,46.6,"79.760585229","94.901668249",27.8,49.1
"Sugano, Tomoyuki",608372,2026,313,13.1,7,".352",".403",39.1,14.5,45.2,"79.952552903","95.248264234",17.2,45.1
"Morris, Andrew",702193,2026,147,24.5,7.5,".330",".281",29.3,3,34.3,"75.442695918","93.280964845",23.5,48
"Morejon, Adrian",670970,2026,146,28.1,4.8,".257",".254",29.9,2.1,30.9,"73.810366042","93.052226042",34.2,52.7
"Avila, Luinder",679883,2026,144,19.4,15.3,".394",".341",33,8.6,33,"76.375217234","93.606219892",23.8,41.4
"Morillo, Juan",666661,2026,116,31.9,9.5,".252",".244",28.8,6.3,31.8,"75.8483225","93.860739531",35.2,48.8
"Beeks, Jalen",656222,2026,113,18.6,7.1,".353",".363",35.7,10.7,42.9,"79.2264155","95.425185375",23.4,47.2
"Misiorowski, Jacob",694819,2026,329,39.8,6.7,".195",".225",36.1,2.4,31.4,"77.212909167","92.768472096",38.3,49.1
"Valdez, Framber",664285,2026,367,18.3,8.7,".318",".328",29.2,7,42.3,"79.724618906","94.53960451",21.1,46.7
"Painter, Andrew",691725,2026,285,17.5,7.7,".375",".342",30,9,34.8,"75.362421154","93.612203333",22.1,48.3
"Lorenzen, Michael",547179,2026,342,17.5,7.3,".409",".363",37.5,9.1,45.5,"78.60782119","94.928631394",20.5,44.6
"Burns, Chase",695505,2026,319,29.8,8.2,".265",".269",30.5,8.9,38.1,"78.529987979","94.00732",33.8,49.3
"Fisher, Braydon",680755,2026,149,26.8,10.7,".291",".305",29.7,12.1,39.6,"76.719579348","93.726302088",28.9,46.4
"Schultz, Noah",702273,2026,168,19.6,13.1,".329",".360",35.8,11.1,38.5,"78.201293208","93.84181434",21.6,40.5
"Griffin, Foster",656492,2026,347,23.1,6.6,".304",".324",37.1,11,37.6,"75.66449069","94.106895517",24.2,47.2
"Brubaker, JT",664141,2026,148,17.6,11.5,".287",".336",39,4.8,34.3,"77.919401698","93.381321238",22.7,45.4
"Fried, Max",608331,2026,240,20.8,7.9,".242",".253",26.6,1.8,30.8,"74.389795904","92.929946807",23.2,44.7
"Cavalli, Cade",676917,2026,333,24.3,7.5,".324",".326",35.2,7.9,38.9,"77.925432315","94.130837674",24.2,46.7
"Seymour, Ian",693855,2026,164,25,11.6,".311",".296",33.3,8.8,36.3,"76.695344898","93.216279897",30.5,47.3
"Houser, Adrian",605288,2026,296,15.5,8.1,".372",".359",37.4,9.9,44.1,"80.093695229","95.234185826",19.5,44.6
"Milner, Hoby",571948,2026,130,11.5,5.4,".297",".351",35.2,5.7,36.2,"78.272771538","93.594775437",17,46
"Scott, Tanner",656945,2026,114,33.3,2.6,".215",".258",34.2,8.2,27.4,"79.307442222","92.782883803",33.9,56.5
"Ritchie, JR",702275,2026,132,19.7,13.6,".306",".326",31.8,4.7,40,"79.402343333","93.776095476",22.2,44.1
"Holmes, Grant",656550,2026,287,20.6,10.1,".328",".335",33.5,10.2,45.2,"80.620480309","94.948983938",28.7,48.5
"Woo, Bryan",693433,2026,329,24,4.6,".273",".286",32.3,7.3,44.4,"78.783229483","94.570005714",24.2,54
"Wells, Tyler",669330,2026,132,24.2,6.1,".295",".310",36.3,6.6,37.4,"78.824472955","93.451421136",28.6,51.3
"Leiter Jr., Mark",643410,2026,127,24.4,7.9,".309",".318",40,3.5,30.6,"76.103073953","92.734426941",27.6,46.8
"Rasmussen, Drew",656876,2026,308,27.3,4.2,".240",".270",29.7,6.7,32.1,"74.770285728","93.471321659",25.5,49.2
"Williams, Gavin",668909,2026,345,28.7,8.1,".298",".329",33.3,12.9,48.6,"80.24771219","95.672188469",30.5,48.6
"Giolito, Lucas",608337,2026,118,13.6,17.8,".359",".346",36.3,3.8,41.3,"78.22933475","94.127244375",22.8,39.8
"Taillon, Jameson",592791,2026,287,20.6,8,".354",".357",37.4,14.3,38.4,"76.821822574","94.217609158",26.4,46.6
"Taylor, Grant",691799,2026,148,35.1,6.1,".254",".231",31,7,40.2,"79.384803488","93.863440581",29.3,50.3
"Weaver, Luke",596133,2026,122,24.6,6.6,".228",".278",28.9,9.6,31.3,"79.537970732","93.082388642",28,51.8
"Bubic, Kris",663460,2026,207,24.6,12.6,".287",".328",38.8,7.8,39.5,"79.03376375","94.143149606",26.1,46.9
"Rodón, Carlos",607074,2026,129,26.4,14.7,".268",".286",26.7,5.3,34.7,"80.583301622","93.615299324",27.8,46.7
"Hoffman, Jeff",656546,2026,143,37.1,7.7,".344",".273",30.3,6.7,28.9,"76.469498649","92.610210946",41.5,50
"Tolle, Payton",801139,2026,236,25.4,6.8,".274",".257",29.1,5.8,32.9,"75.927235789","93.457616291",25.2,55
"Suarez, Robert",663158,2026,114,22.8,4.4,".195",".271",32.9,3.7,30.5,"71.444455","92.602231375",24.8,54.3
"Schreiber, John",670167,2026,116,18.1,9.5,".309",".328",39.8,7.3,38.6,"78.43809625","94.101876125",20.8,43.9
"Alcantara, Sandy",645261,2026,404,17.6,5.7,".316",".309",32.6,6.6,37.5,"77.746454133","93.787003378",21,51.2
"Stanek, Ryne",592773,2026,132,27.3,13.6,".332",".310",31.6,7.9,36.8,"79.156418158","95.072765",32.5,49.7
"Woods Richardson, Simeon",680573,2026,240,12.1,10.4,".397",".364",32.1,8.2,45.1,"80.025066889","95.036781944",18.8,43.9
"Perkins, Jack",678022,2026,186,26.3,7.5,".332",".303",32.5,6.1,34.8,"79.989140702","93.856145877",27.9,50.4
"Martinez, Nick",607259,2026,340,14.7,4.1,".299",".329",37.2,6.6,32.1,"75.454797059","93.304452841",18.1,50.8
"Webb, Jacob",657097,2026,131,27.5,7.6,".299",".309",38.8,8.3,47.1,"79.648294286","94.834457952",31.3,52.8
"Uribe, Abner",682842,2026,108,25,10.2,".260",".266",30,2.9,31.4,"78.014525429","92.792921884",25.1,42.8
"Marinaccio, Ron",676760,2026,156,20.5,7.1,".331",".323",30.9,7.3,40,"77.653999818","94.130370091",26.5,48.6
"Gray, Sonny",543243,2026,256,19.9,6.3,".309",".317",37.6,7.7,35.5,"77.516057143","93.718036906",22.1,47
"Klein, Will",694361,2026,124,25.8,8.9,".274",".272",35,2.5,36.3,"78.721606667","94.309699872",21.6,43.9
"Fuentes, Didier",800311,2026,113,29.2,8,".251",".263",26.1,4.4,31.9,"78.794589118","93.06628209",28,49.6
"Ramírez, Yohan",670990,2026,178,25.3,12.4,".302",".294",31.7,5.8,30.8,"71.700310192","92.44779699",27.1,45.6
"McLean, Nolan",690997,2026,317,27.8,9.8,".288",".289",34.2,6.3,36.3,"74.123015426","93.557308883",24.5,42.8
"Kuhnel, Joel",669270,2026,124,16.1,5.6,".341",".329",30.5,5.3,36.8,"77.292784167","93.639374842",23.7,48.5
"McClanahan, Shane",663556,2026,268,24.6,8.2,".272",".303",32.2,9,41.2,"79.406113882","94.375660882",27.5,49.2
"Ferrer, José A.",678606,2026,140,19.3,5.7,".323",".269",28.4,3.9,36.3,"73.655597","93.2911461",21.2,52.8
"Dreyer, Jack",676263,2026,114,27.2,5.3,".297",".292",26.3,9.2,40.8,"78.578540541","94.662126892",26,48.2
"Raley, Brooks",548384,2026,112,27.7,10.7,".289",".299",40.3,7.5,29.9,"76.149558438","93.088284063",26,44.2
"Freeland, Kyle",607536,2026,279,17.6,5.7,".406",".375",36.8,9.1,45,"80.179176699","95.624715534",22.1,51
"Quantrill, Cal",615698,2026,115,15.7,8.7,".298",".352",36.1,9.6,37.3,"75.531020476","93.876624337",19,45.5
"Montgomery, Mason",682254,2026,122,29.5,12.3,".309",".310",25.4,8.5,43.7,"74.185266857","94.974140714",29.5,49.4
"Yamamoto, Yoshinobu",808967,2026,323,24.8,4.6,".247",".287",30.7,7.1,37.3,"77.003237568","94.22388009",29.3,50.2
"Ginn, J.T.",669372,2026,316,21.5,10.1,".287",".308",29.2,6.1,37.7,"76.577984952","93.876166952",27.2,46.3
"Lowder, Rhett",695076,2026,207,17.9,12.1,".311",".346",35.7,8,39.2,"80.393452464","94.395216377",20.9,41
"Varland, Louis",686973,2026,151,34.4,7.3,".231",".230",23.9,3.4,36.4,"75.030713636","93.423063409",28.3,52
"Miller, Bryce",682243,2026,125,28.8,4,".221",".242",28.6,6,27.4,"75.560056829","92.472543457",27.2,56.7
"Early, Connelly",813349,2026,327,22,8.9,".333",".331",34.5,11.4,42.3,"80.427728037","94.659249907",22.4,46.8
"Kerkering, Orion",689147,2026,112,25.9,9.8,".270",".245",26.8,5.6,21.1,"69.752572","91.627460725",26.2,43.9
"Pérez, Eury",691587,2026,265,27.2,10.6,".332",".345",37.5,15,42.5,"77.316546625","94.707257987",29.1,50.5
"Castillo, Luis",622491,2026,298,21.8,8.4,".331",".337",33.7,10.4,44.6,"80.0206656","94.80798196",24.8,52.1
"Suter, Brent",608718,2026,168,19.6,8.3,".312",".304",29.8,5.9,28.9,"73.682112759","92.978527478",22.8,46.7
"Bassitt, Chris",605135,2026,261,14.2,8.4,".368",".344",29.9,4.1,34.5,"75.936558229","93.52001401",21.2,45.9
"Holderman, Colin",670059,2026,101,29.7,7.9,".204",".274",26.2,11.7,45.9,"74.087657","94.454820333",27.9,45.3
"Adam, Jason",592094,2026,107,15.9,7.5,".310",".292",27.2,6.2,42,"77.99535625","93.637708125",28.4,53.1
"Hill, Tim",657612,2026,114,12.3,5.3,".293",".315",21.7,4.3,42.4,"76.799341556","95.080762247",13.2,53.7
"Doval, Camilo",666808,2026,111,22.5,4.5,".296",".263",21,3.7,49.4,"80.71591275","94.990686375",26.9,50.2
"Weathers, Ryan",677960,2026,305,26.6,6.9,".312",".323",30.2,12,41.6,"77.3551953","94.910590352",26.5,44.1
"Brown, Ben",676962,2026,243,25.1,7.8,".227",".278",31.1,6.3,42.9,"80.332192532","94.517501847",26.9,46.7
"Eovaldi, Nathan",543135,2026,363,22.9,5.8,".322",".327",29.2,9.1,39.5,"76.853469048","94.133078532",29.5,52.5
"Leahy, Kyle",681517,2026,291,17.9,8.6,".367",".389",40.2,12,50.2,"82.14731375","95.925213125",22.1,44.9
"Teng, Kai-Wei",678906,2026,235,24.7,11.1,".335",".327",35.2,6.9,40.7,"80.343614444","94.563676944",26.9,43.1
"Lauer, Eric",641778,2026,250,16,8.4,".353",".355",37.4,11.2,39,"78.210713152","94.155765683",19.7,50.1
"Miles, Spencer",693686,2026,181,23.8,7.7,".251",".293",25.8,4.8,34.7,"74.705698525","92.93533959",21.2,49.1
"Imai, Tatsuya",837227,2026,157,23.6,15.3,".335",".345",30.4,8.7,45.7,"80.951128889","94.587528333",30.1,42.5
"Prielipp, Connor",687570,2026,217,23.5,9.2,".322",".315",38,9.2,39.4,"80.222534203","94.314133913",22.2,46.3
"Meyer, Max",676974,2026,353,26.9,9.1,".273",".306",30,8.3,43.2,"79.434272018","94.511294541",30.1,47.6
"Ray, Robbie",592662,2026,314,21,11.5,".338",".351",35.8,11.4,36.8,"77.40405466","93.848241268",24.9,48.3
"Henriquez, Edgardo",683618,2026,107,26.2,8.4,".277",".262",22.4,3,29.9,"70.362207879","92.393750303",25.6,50.4
"McCullers Jr., Lance",621121,2026,172,25,12.8,".371",".330",38.1,8.6,50.5,"81.761873585","95.581272762",27.8,41.8
"Myers, Tobias",668964,2026,145,18.6,6.9,".331",".299",25.9,6.5,43.5,"81.345425769","94.710923173",19.1,50.9
"Bednar, David",670280,2026,131,27.5,9.2,".305",".266",23.2,3.7,39,"75.793172","93.483921375",29.8,52.1
"Parker, Mitchell",680730,2026,141,19.9,5.7,".359",".341",34,8.7,42.7,"80.357265833","95.139242813",27.8,50.5
"Mikolas, Miles",571945,2026,285,14.4,5.6,".327",".336",31.1,9.8,41.2,"77.513773125","94.771672422",16,46.7
"Legumina, Casey",668984,2026,129,17.8,4.7,".325",".320",36.5,7.6,39.1,"76.439540222","93.489860778",21.6,50.7
"Rogers, Tyler",643511,2026,135,14.8,7.4,".219",".239",21.9,0,22.9,"71.47436451","91.848643333",14.9,49.4
"Wheeler, Zack",554430,2026,236,26.3,6.4,".247",".274",34.4,7.7,36.3,"76.483109487","93.505675256",27.1,49.9
"Matz, Steven",571927,2026,212,17.9,9,".350",".374",46.1,13.6,37,"78.024765974","94.160666818",22,48.2
"Pérez, Martín",527048,2026,245,20.8,8.6,".280",".314",36.3,7.1,38,"77.038395714","94.021039641",22.5,43.6
"Cameron, Noah",702070,2026,295,21.7,5.8,".302",".320",38.3,9.4,39.7,"77.521006132","94.371216445",23.9,48.1
"Ashcraft, Graham",668933,2026,109,29.4,14.7,".280",".287",27.9,7.3,36.1,"79.172392143","93.603063636",32.4,45.3
"Woodruff, Brandon",605540,2026,121,20.7,5.8,".274",".280",29.5,8,33,"81.104788409","93.478746552",22.8,51.8
"Blackburn, Paul",621112,2026,127,16.5,8.7,".308",".312",28.7,5.3,36.2,"74.743674043","93.455183871",18.5,46.3
"Petersen, Michael",656848,2026,119,28.6,10.9,".252",".280",30,11.4,42.9,"81.408192286","94.629224286",29.4,47.6
"McGreevy, Michael",700241,2026,310,16.5,6.1,".295",".363",35.4,9.6,40.8,"78.064744831","94.726142797",19.3,45.3
"Ginkel, Kevin",656464,2026,112,28.6,6.3,".276",".262",27.4,8.2,43.8,"80.339310556","94.344640141",32,48.9
"Keller, Mitch",656605,2026,353,18.4,8.8,".317",".345",37.5,6.4,41,"77.213883548","94.310122339",20.4,47.8
"Sterner, Justin",686993,2026,136,25,5.9,".275",".247",26.6,6.5,44.7,"79.057063182","94.673403409",30.3,53.2
"Anderson, Drew",623454,2026,199,29.1,10.1,".312",".270",25.8,6.7,40,"81.222410339","94.45391547",29.4,48.9
"Dollander, Chase",801403,2026,189,24.9,9.5,".321",".308",24,9.9,52.1,"79.78262","95.408276218",28,48
"Gilbert, Logan",669302,2026,346,26.6,5.8,".296",".313",41,11.8,45,"80.375167807","94.852472807",29.8,49.2
"Soto, Gregory",642397,2026,125,29.6,9.6,".241",".269",28.4,5.4,36.5,"72.698546667","93.112510278",27.6,42.8
"Lawrence, Justin",664875,2026,132,25,12.9,".386",".381",40.8,11.8,42.1,"79.161484211","94.849863816",26.3,42.9
"Cabrera, Edward",665795,2026,287,21.3,8.7,".349",".341",35.7,12.6,42.2,"80.780879082","95.199462256",27,48.3
"Mlodzinski, Carmen",669387,2026,288,18.8,8.3,".336",".339",33.8,7.7,49.3,"81.80912233","95.256179806",21.2,45
"Quintana, Jose",500779,2026,181,11,9.4,".365",".344",35,8.4,32.9,"78.148649286","93.159093929",21.1,47
"Wacha, Michael",608379,2026,382,18.8,7.3,".309",".317",32.4,5.8,37.1,"77.902915111","93.74721777",22.7,48.5
"Severino, Luis",622663,2026,271,24,11.4,".347",".318",34.1,8.7,38.7,"78.384796047","93.696996959",23,47.6
"Lopez, Jacob",682052,2026,243,15.6,13.6,".387",".311",32.6,4.7,31.4,"72.532144353","92.829125706",19.4,43.8
"Arrighetti, Spencer",681293,2026,269,22.3,11.9,".284",".331",35.3,5.4,29.3,"76.736631928","92.543880602",25.6,43
"Sheehan, Emmet",686218,2026,269,26.8,6.3,".331",".305",36.9,10.2,38.6,"78.134089432","93.960834",30.3,50.9
"Clarke, Taylor",664199,2026,114,14,6.1,".224",".301",31.5,7.9,32.6,"74.716412727","93.213196818",20.9,45.8
"Gallen, Zac",668678,2026,337,14.8,6.8,".367",".363",31.4,9.7,45.2,"80.749693953","95.138279767",19.8,46.8
"Scott, Christian",681035,2026,178,26.4,10.7,".321",".328",45.8,5.6,31.8,"77.045173077","93.334059029",23,47.9
"Gore, MacKenzie",669022,2026,336,25.6,10.4,".307",".315",36.6,8.9,44.1,"77.926421509","94.96845",25.9,48.4
"Cecconi, Slade",677944,2026,338,19.2,7.4,".335",".326",36.7,8.2,37.1,"77.342680248","93.912614689",21.6,46.4
"Leiter, Jack",683004,2026,335,23.6,9.9,".332",".333",37,10,40.2,"76.377876881","94.079739358",25.5,47.5
"Luzardo, Jesús",666200,2026,364,26.6,7.4,".320",".287",37.9,6.4,28.9,"75.5362775","92.592613117",30.9,45.9
"Weissert, Greg",669711,2026,120,23.3,7.5,".320",".282",28.4,4.9,32.1,"75.90553525","93.15000875",22.3,47.1
"Blubaugh, AJ",805123,2026,198,20.7,13.6,".296",".320",36.4,7.8,34.9,"79.497030645","93.495767097",27.3,47.5
"May, Dustin",669160,2026,329,22.8,6.4,".290",".289",32.2,6.7,46.7,"79.678704375","94.827679821",22,47.6
"Hudson, Bryan",663542,2026,140,20,10,".285",".298",30.9,3.2,35.1,"77.88227","93.266505393",22.9,46.2
"Peterson, David",656849,2026,299,19.4,9.4,".345",".339",34.8,6.8,43.3,"79.184166275","94.698699507",22.2,46.5
"Peralta, Freddy",642547,2026,357,22.7,9.2,".312",".303",34.7,5.4,39.3,"76.082106441","93.823525169",27.1,46.4
"Littell, Zack",641793,2026,288,13.5,7.3,".349",".384",35,11.1,45.6,"83.595239911","95.337442691",15.5,49.5
"Márquez, Germán",608566,2026,128,14.8,9.4,".375",".367",33.3,10.4,45.8,"77.325235625","94.690062421",19.5,47.1
"Mayza, Tim",641835,2026,124,24.2,5.6,".274",".288",30.2,5.8,44.2,"77.42725619","94.480013095",24.5,44.1
"Assad, Javier",665871,2026,150,16,6,".275",".309",31,4.3,48.3,"80.728845789","94.669673772",14.5,44.3
"Sánchez, Cristopher",650911,2026,400,29,4.8,".271",".271",30.7,9.1,43.2,"77.849946412","94.574670534",32,50.8
"McDonald, Trevor",686790,2026,185,22.2,8.1,".321",".323",29.3,5.7,40.7,"79.163467213","94.479102479",24.8,44.9
"Young, Brandon",687064,2026,265,16.6,8.7,".290",".324",35.2,7.1,41.3,"77.823879072","94.403266598",21.4,49.2
"Peralta, Wandy",593974,2026,147,16.3,11.6,".316",".324",37.5,3.8,34.6,"78.226933269","93.379963398",23.3,50.5
"Santana, Dennis",642701,2026,130,18.5,12.3,".336",".343",40.9,9.1,39.8,"78.393730227","93.809767727",25,49.5
"Ureña, Walbert",700712,2026,272,21.3,12.9,".296",".287",25.1,5.7,33.1,"75.606724943","93.457734393",26.9,43.3
"Latz, Jacob",656641,2026,120,29.2,5.8,".173",".236",20.5,6.4,42.3,"79.139527949","94.041902564",29.3,48.9
"Melton, Troy",675512,2026,102,13.7,5.9,".295",".325",29.6,6.2,38.3,"79.10415878","94.118565556",17.6,50.3
"Chandler, Bubba",696149,2026,301,22.6,13.6,".308",".320",30.7,7.4,36,"79.956540319","93.984106203",24.7,48.1
"Rodriguez, Grayson",680570,2026,123,19.5,12.2,".395",".400",39.8,10.8,51.8,"81.266250476","95.756556867",21.2,45.7
"Yarbrough, Ryan",642232,2026,108,19.4,9.3,".239",".249",33.3,2.7,20,"70.973923784","91.320167703",22.9,48.2
"Junis, Jakob",596001,2026,113,18.6,4.4,".213",".289",34.5,3.6,31,"75.26397119","92.691576429",18.9,47.9
"Sproat, Brandon",687075,2026,261,21.8,11.5,".369",".353",33.1,9.1,43.6,"80.009927407","94.600454444",23.6,44.7
"Ashcraft, Braxton",677952,2026,344,26.2,5.5,".288",".275",30.6,5.7,38.9,"79.982325664","94.245559513",27.4,51.7
"Holton, Tyler",663947,2026,140,20.7,5.7,".350",".315",36.6,6,40.6,"77.8423068","94.035841818",24.7,47.1
"Hancock, Emerson",676106,2026,313,24,5.4,".285",".329",33.2,10.7,44.7,"79.666581296","94.960439163",22.8,52
"Newcomb, Sean",656794,2026,165,24.2,6.7,".263",".290",32.1,4.6,35.8,"74.627578889","93.437483271",25.5,46.5
"Lynch IV, Daniel",663738,2026,127,23.6,8.7,".258",".276",31,6,34.5,"75.36135","93.621195119",31.9,46.9
"Farris, Mitch",815083,2026,119,22.7,10.9,".348",".319",35.4,6.8,37,"75.579260541","93.49442137",28.3,43.7
"Bradley, Taj",671737,2026,311,25.7,9.6,".322",".326",42.7,10.6,48.2,"82.871977677","95.325672576",26.8,46
"Faucher, Calvin",676534,2026,136,25,16.9,".298",".322",30.8,5.1,42.3,"76.493814103","94.655725455",26.8,39
"Baz, Shane",669358,2026,355,18.9,9,".331",".338",37.2,8.7,41.1,"80.217468968","94.690975139",21,47.4
"Suarez, Ranger",624133,2026,286,24.5,7.3,".284",".291",38.9,6.2,32.6,"75.784528542","93.136776615",23.6,46.1
"Ober, Bailey",641927,2026,281,16.4,6.4,".324",".323",27.6,9.8,32.7,"76.836262358","93.476120849",19.6,48.8
"Gordon, Tanner",685299,2026,158,22.2,5.1,".391",".339",36,13.2,44.7,"82.177653818","94.809849545",25.2,51.5
"Kelly, Merrill",518876,2026,309,13.6,9.1,".375",".406",43.2,15.3,43.2,"79.175477009","94.911012521",22.2,48.1
"Warren, Will",701542,2026,312,24.4,7.7,".303",".296",32.1,6.2,38.8,"79.9440275","94.571099087",22.4,44.1
"Agnos, Zach",688642,2026,201,14.9,9,".388",".370",42.7,11.3,43.3,"77.795305811","94.400669459",24.1,51.4
"Mize, Casey",663554,2026,185,26.5,6.5,".255",".258",29.3,7.3,33.3,"75.031015082","93.294824262",28.5,47.8
"Barlow, Scott",605130,2026,140,18.6,14.3,".318",".347",30.3,9,34.8,"77.681471778","93.256274944",32.7,42.2
"Soriano, José",667755,2026,360,25.6,11.7,".282",".317",31.4,8.6,37.2,"77.431021892","93.6826619",33,46.5
"Silseth, Chase",681217,2026,114,25.4,13.2,".302",".298",39.1,8.7,30.4,"75.058831176","93.166081765",34.1,46.4
"Detmers, Reid",672282,2026,355,28.2,6.8,".258",".263",31,6.7,35.8,"79.36835","93.846349241",28.1,48.9
"Glasnow, Tyler",607192,2026,148,33.1,8.8,".236",".252",30.2,8.1,38.4,"81.822428372","93.85257907",29.8,43.1
"Jax, Griffin",643377,2026,184,22.3,9.8,".326",".342",30.4,9.6,40,"75.343260656","94.385167377",30.8,48.3